Workbook

Sheet Hoja1
C2: 1 | D2: 2 | E2: 3 | F2: 4 | G2: 5 | H2: 6 | I2: 7 | J2: 8 | K2: 9 | L2: 10 | M2: 11 | N2: 12 | S2: 1 | T2: 2 | U2: 3 | V2: 4 | W2: 5 | X2: 6 | Y2: 7 | Z2: 8 | AA2: 9 | AB2: 10 | AC2: 11 | AD2: 12
C3: Machine learning | D3: Tratamiento de aguas | E3: Transformación digital | F3: Big Data | G3: Realidad virtual y aumentada | H3: Gestión de Proyectos de Innovación | I3: Pricing | J3: Simulación | K3: Diseño de Marketplaces | L3: Green Supply Chains | M3: Sostenibilidad | N3: Planeación portuaria | O3: Factor | S3: Green Supply Chains | T3: Machine learning | U3: Big Data | V3: Planeación portuaria | W3: Pricing | X3: Tratamiento de aguas | Y3: Realidad virtual y aumentada | Z3: Simulación | AA3: Diseño de Marketplaces | AB3: Sostenibilidad | AC3: Gestión de Proyectos de Innovación | AD3: Transformación digital | AE3: Parte
B4: Agroindustria | C4: 1 | D4: 1 | F4: 1 | I4: 1 | L4: 1 | N4: 1 | O4: =+SUMPRODUCT(C4:N4,$C$16:$N$16) -> 3365 | Q4: 1 | R4: Agroindustria | S4: 1 | T4: 1 | U4: 1 | V4: 1 | W4: 1 | X4: 1 | AE4: =2^(12-Q4) -> 2048
B5: Producción Textil | C5: 1 | F5: 1 | G5: 1 | J5: 1 | K5: 1 | L5: 1 | O5: =+SUMPRODUCT(C5:N5,$C$16:$N$16) -> 2460 | Q5: 2 | R5: Producción Textil | S5: 1 | T5: 1 | U5: 1 | Y5: 1 | Z5: 1 | AA5: 1 | AE5: =2^(12-Q5) -> 1024
B6: Transporte | C6: 1 | F6: 1 | G6: 1 | L6: 1 | N6: 1 | O6: =+SUMPRODUCT(C6:N6,$C$16:$N$16) -> 2437 | Q6: 3 | R6: Transporte | S6: 1 | T6: 1 | U6: 1 | V6: 1 | Y6: 1 | AE6: =2^(12-Q6) -> 512
B7: Energía | C7: 1 | I7: 1 | L7: 1 | O7: =+SUMPRODUCT(C7:N7,$C$16:$N$16) -> 2084 | Q7: 4 | R7: Energía | S7: 1 | T7: 1 | W7: 1 | AE7: =2^(12-Q7) -> 256
B8: Minería | D8: 1 | H8: 1 | J8: 1 | M8: 1 | O8: =+SUMPRODUCT(C8:N8,$C$16:$N$16) -> 1106 | Q8: 5 | R8: Minería | X8: 1 | Z8: 1 | AB8: 1 | AC8: 1 | AE8: =2^(12-Q8) -> 128
B9: Recursos forestales | D9: 1 | H9: 1 | M9: 1 | O9: =+SUMPRODUCT(C9:N9,$C$16:$N$16) -> 1090 | Q9: 6 | R9: Recursos forestales | X9: 1 | AB9: 1 | AC9: 1 | AE9: =2^(12-Q9) -> 64
B10: Turismo | E10: 1 | G10: 1 | J10: 1 | K10: 1 | M10: 1 | O10: =+SUMPRODUCT(C10:N10,$C$16:$N$16) -> 666 | Q10: 7 | R10: Turismo | Y10: 1 | Z10: 1 | AA10: 1 | AB10: 1 | AD10: 1 | AE10: =2^(12-Q10) -> 32
B11: Educación | E11: 1 | G11: 1 | O11: =+SUMPRODUCT(C11:N11,$C$16:$N$16) -> 640 | Q11: 8 | R11: Educación | Y11: 1 | AD11: 1 | AE11: =2^(12-Q11) -> 16
B12: Sector Financiero | E12: 1 | J12: 1 | O12: =+SUMPRODUCT(C12:N12,$C$16:$N$16) -> 528 | Q12: 9 | R12: Sector Financiero | Z12: 1 | AD12: 1 | AE12: =2^(12-Q12) -> 8
B13: Adm. Pública | E13: 1 | O13: =+SUMPRODUCT(C13:N13,$C$16:$N$16) -> 512 | Q13: 10 | R13: Adm. Pública | AD13: 1 | AE13: =2^(12-Q13) -> 4
B14: Manufactura | G14: 1 | H14: 1 | J14: 1 | K14: 1 | L14: 1 | O14: =+SUMPRODUCT(C14:N14,$C$16:$N$16) -> 220 | Q14: 11 | R14: Manufactura | S14: 1 | Y14: 1 | Z14: 1 | AA14: 1 | AC14: 1 | AE14: =2^(12-Q14) -> 2
B15: Industria Química | L15: 1 | O15: =+SUMPRODUCT(C15:N15,$C$16:$N$16) -> 4 | Q15: 12 | R15: Industria Química | S15: 1 | AE15: =2^(12-Q15) -> 1
B16: Parte | C16: =2^(12-C2) -> 2048 | D16: =2^(12-D2) -> 1024 | E16: =2^(12-E2) -> 512 | F16: =2^(12-F2) -> 256 | G16: =2^(12-G2) -> 128 | H16: =2^(12-H2) -> 64 | I16: =2^(12-I2) -> 32 | J16: =2^(12-J2) -> 16 | ... N16: =2^(12-N2) -> 1 | R16: Factor | S16: =+SUMPRODUCT(S4:S15,$AE$4:$AE$15) -> 3843 | T16: =+SUMPRODUCT(T4:T15,$AE$4:$AE$15) -> 3840 | U16: =+SUMPRODUCT(U4:U15,$AE$4:$AE$15) -> 3584 | V16: =+SUMPRODUCT(V4:V15,$AE$4:$AE$15) -> 2560 | W16: =+SUMPRODUCT(W4:W15,$AE$4:$AE$15) -> 2304 | X16: =+SUMPRODUCT(X4:X15,$AE$4:$AE$15) -> 2240 | Y16: =+SUMPRODUCT(Y4:Y15,$AE$4:$AE$15) -> 1586 | Z16: =+SUMPRODUCT(Z4:Z15,$AE$4:$AE$15) -> 1194 | ... AD16: =+SUMPRODUCT(AD4:AD15,$AE$4:$AE$15) -> 60
C18: 1 | D18: 2 | E18: 3 | F18: 4 | G18: 5 | H18: 6 | I18: 7 | J18: 8 | K18: 9 | L18: 10 | M18: 11 | N18: 12 | S18: 1 | T18: 2 | U18: 3 | V18: 4 | W18: 5 | X18: 6 | Y18: 7 | Z18: 8 | AA18: 9 | AB18: 10 | AC18: 11 | AD18: 12
C19: Green Supply Chains | D19: Machine learning | E19: Big Data | F19: Planeación portuaria | G19: Pricing | H19: Tratamiento de aguas | I19: Realidad virtual y aumentada | J19: Simulación | K19: Diseño de Marketplaces | L19: Sostenibilidad | M19: Gestión de Proyectos de Innovación | N19: Transformación digital | O19: Factor | S19: Green Supply Chains | T19: Machine learning | U19: Big Data | V19: Planeación portuaria | W19: Pricing | X19: Tratamiento de aguas | Y19: Realidad virtual y aumentada | Z19: Simulación | AA19: Diseño de Marketplaces | AB19: Gestión de Proyectos de Innovación | AC19: Sostenibilidad | AD19: Transformación digital | AE19: Parte | AF19: Asistencias perdidas
A20: 1 | B20: Agroindustria | C20: 1 | D20: 1 | E20: 1 | F20: 1 | G20: 1 | H20: 1 | O20: =+SUMPRODUCT(C20:N20,$C$32:$N$32) -> 4032 | Q20: 1 | R20: Agroindustria | S20: 1 | T20: 1 | U20: 1 | V20: 1 | W20: 1 | X20: 1 | AE20: =2^(12-Q20) -> 2048 | AF20: =MAX(0,SUM(S20:U20)-1)+MAX(0,SUM(V20:X20)-1)+MAX(0,SUM(Y20:AA20)-1)+MAX(0,SUM(AB20:AD20)-1) -> 4 | AG20: =+SUM(S20:AD20) -> 6
A21: 2 | B21: Transporte | C21: 1 | D21: 1 | E21: 1 | F21: 1 | I21: 1 | O21: =+SUMPRODUCT(C21:N21,$C$32:$N$32) -> 3872 | Q21: 2 | R21: Transporte | S21: 1 | T21: 1 | U21: 1 | V21: 1 | Y21: 1 | AE21: =2^(12-Q21) -> 1024 | AF21: =MAX(0,SUM(S21:U21)-1)+MAX(0,SUM(V21:X21)-1)+MAX(0,SUM(Y21:AA21)-1)+MAX(0,SUM(AB21:AD21)-1) -> 2 | AG21: =+SUM(S21:AD21) -> 5
A22: 3 | B22: Producción Textil | C22: 1 | D22: 1 | E22: 1 | I22: 1 | J22: 1 | K22: 1 | O22: =+SUMPRODUCT(C22:N22,$C$32:$N$32) -> 3640 | Q22: 3 | R22: Producción Textil | S22: 1 | T22: 1 | U22: 1 | Y22: 1 | Z22: 1 | AA22: 1 | AE22: =2^(12-Q22) -> 512 | AF22: =MAX(0,SUM(S22:U22)-1)+MAX(0,SUM(V22:X22)-1)+MAX(0,SUM(Y22:AA22)-1)+MAX(0,SUM(AB22:AD22)-1) -> 4 | AG22: =+SUM(S22:AD22) -> 6
A23: 4 | B23: Energía | C23: 1 | D23: 1 | G23: 1 | O23: =+SUMPRODUCT(C23:N23,$C$32:$N$32) -> 3200 | Q23: 4 | R23: Energía | S23: 1 | T23: 1 | W23: 1 | AE23: =2^(12-Q23) -> 256 | AF23: =MAX(0,SUM(S23:U23)-1)+MAX(0,SUM(V23:X23)-1)+MAX(0,SUM(Y23:AA23)-1)+MAX(0,SUM(AB23:AD23)-1) -> 1 | AG23: =+SUM(S23:AD23) -> 3
A24: 5 | B24: Manufactura | C24: 1 | I24: 1 | J24: 1 | K24: 1 | M24: 1 | O24: =+SUMPRODUCT(C24:N24,$C$32:$N$32) -> 2106 | Q24: 5 | R24: Manufactura | S24: 1 | Y24: 1 | Z24: 1 | AA24: 1 | AB24: 1 | AE24: =2^(12-Q24) -> 128 | AF24: =MAX(0,SUM(S24:U24)-1)+MAX(0,SUM(V24:X24)-1)+MAX(0,SUM(Y24:AA24)-1)+MAX(0,SUM(AB24:AD24)-1) -> 2 | AG24: =+SUM(S24:AD24) -> 5
A25: 6 | B25: Industria Química | C25: 1 | O25: =+SUMPRODUCT(C25:N25,$C$32:$N$32) -> 2048 | Q25: 6 | R25: Industria Química | S25: 1 | AE25: =2^(12-Q25) -> 64 | AF25: =MAX(0,SUM(S25:U25)-1)+MAX(0,SUM(V25:X25)-1)+MAX(0,SUM(Y25:AA25)-1)+MAX(0,SUM(AB25:AD25)-1) -> 0 | AG25: =+SUM(S25:AD25) -> 1
A26: 7 | B26: Minería | H26: 1 | J26: 1 | L26: 1 | M26: 1 | O26: =+SUMPRODUCT(C26:N26,$C$32:$N$32) -> 86 | Q26: 7 | R26: Minería | X26: 1 | Z26: 1 | AB26: 1 | AC26: 1 | AE26: =2^(12-Q26) -> 32 | AF26: =MAX(0,SUM(S26:U26)-1)+MAX(0,SUM(V26:X26)-1)+MAX(0,SUM(Y26:AA26)-1)+MAX(0,SUM(AB26:AD26)-1) -> 1 | AG26: =+SUM(S26:AD26) -> 4
A27: 8 | B27: Recursos forestales | H27: 1 | L27: 1 | M27: 1 | O27: =+SUMPRODUCT(C27:N27,$C$32:$N$32) -> 70 | Q27: 8 | R27: Recursos forestales | X27: 1 | AB27: 1 | AC27: 1 | AE27: =2^(12-Q27) -> 16 | AF27: =MAX(0,SUM(S27:U27)-1)+MAX(0,SUM(V27:X27)-1)+MAX(0,SUM(Y27:AA27)-1)+MAX(0,SUM(AB27:AD27)-1) -> 1 | AG27: =+SUM(S27:AD27) -> 3
A28: 9 | B28: Turismo | I28: 1 | J28: 1 | K28: 1 | L28: 1 | N28: 1 | O28: =+SUMPRODUCT(C28:N28,$C$32:$N$32) -> 61 | Q28: 9 | R28: Turismo | Y28: 1 | Z28: 1 | AA28: 1 | AC28: 1 | AD28: 1 | AE28: =2^(12-Q28) -> 8 | AF28: =MAX(0,SUM(S28:U28)-1)+MAX(0,SUM(V28:X28)-1)+MAX(0,SUM(Y28:AA28)-1)+MAX(0,SUM(AB28:AD28)-1) -> 3 | AG28: =+SUM(S28:AD28) -> 5
A29: 10 | B29: Educación | I29: 1 | N29: 1 | O29: =+SUMPRODUCT(C29:N29,$C$32:$N$32) -> 33 | Q29: 10 | R29: Educación | Y29: 1 | AD29: 1 | AE29: =2^(12-Q29) -> 4 | AF29: =MAX(0,SUM(S29:U29)-1)+MAX(0,SUM(V29:X29)-1)+MAX(0,SUM(Y29:AA29)-1)+MAX(0,SUM(AB29:AD29)-1) -> 0 | AG29: =+SUM(S29:AD29) -> 2
A30: 11 | B30: Sector Financiero | J30: 1 | N30: 1 | O30: =+SUMPRODUCT(C30:N30,$C$32:$N$32) -> 17 | Q30: 11 | R30: Sector Financiero | Z30: 1 | AD30: 1 | AE30: =2^(12-Q30) -> 2 | AF30: =MAX(0,SUM(S30:U30)-1)+MAX(0,SUM(V30:X30)-1)+MAX(0,SUM(Y30:AA30)-1)+MAX(0,SUM(AB30:AD30)-1) -> 0 | AG30: =+SUM(S30:AD30) -> 2
A31: 12 | B31: Adm. Pública | N31: 1 | O31: =+SUMPRODUCT(C31:N31,$C$32:$N$32) -> 1 | Q31: 12 | R31: Adm. Pública | AD31: 1 | AE31: =2^(12-Q31) -> 1 | AF31: =MAX(0,SUM(S31:U31)-1)+MAX(0,SUM(V31:X31)-1)+MAX(0,SUM(Y31:AA31)-1)+MAX(0,SUM(AB31:AD31)-1) -> 0 | AG31: =+SUM(S31:AD31) -> 1
B32: Parte | C32: =2^(12-C18) -> 2048 | D32: =2^(12-D18) -> 1024 | E32: =2^(12-E18) -> 512 | F32: =2^(12-F18) -> 256 | G32: =2^(12-G18) -> 128 | H32: =2^(12-H18) -> 64 | I32: =2^(12-I18) -> 32 | J32: =2^(12-J18) -> 16 | ... N32: =2^(12-N18) -> 1 | R32: Factor | S32: =+SUMPRODUCT(S20:S31,$AE$20:$AE$31) -> 4032 | T32: =+SUMPRODUCT(T20:T31,$AE$20:$AE$31) -> 3840 | U32: =+SUMPRODUCT(U20:U31,$AE$20:$AE$31) -> 3584 | V32: =+SUMPRODUCT(V20:V31,$AE$20:$AE$31) -> 3072 | W32: =+SUMPRODUCT(W20:W31,$AE$20:$AE$31) -> 2304 | X32: =+SUMPRODUCT(X20:X31,$AE$20:$AE$31) -> 2096 | Y32: =+SUMPRODUCT(Y20:Y31,$AE$20:$AE$31) -> 1676 | Z32: =+SUMPRODUCT(Z20:Z31,$AE$20:$AE$31) -> 682 | ... AD32: =+SUMPRODUCT(AD20:AD31,$AE$20:$AE$31) -> 15 | AF32: =SUM(AF20:AF31) -> 18 | AG32: =SUM(AG20:AG31) -> 43 | AH32: =+AG32-AF32 -> 25
S34: 8:00 am – 9:45 am | V34: 10:00 am – 11:45 am | Y34: 2:00 pm – 3:45 pm | AB34: 4:00 pm – 5:45 pm

Sheet Optimizacion
C3: Machine learning | D3: Tratamiento de aguas | E3: Transformación digital | F3: Big Data | G3: Realidad virtual y aumentada | H3: Gestión de Proyectos de Innovación | I3: Pricing | J3: Simulación | K3: Diseño de Marketplaces | L3: Green Supply Chains | M3: Sostenibilidad | N3: Planeación portuaria
B4: 8:00 am – 9:45 am | C4: 0 | D4: 0 | E4: 1 | F4: 0 | G4: 0 | H4: 0 | I4: 0 | J4: 0 | K4: 0 | L4: 1 | M4: 1 | N4: 0 | O4: =+SUM(C4:N4) -> 3
B5: 10:00 am – 11:45 am | C5: 1 | D5: 0 | E5: 0 | F5: 1 | G5: 0 | H5: 0 | I5: 0 | J5: 1 | K5: 0 | L5: 0 | M5: 0 | N5: 0 | O5: =+SUM(C5:N5) -> 3
B6: 2:00 pm – 3:45 pm | C6: 0 | D6: 0 | E6: 0 | F6: 0 | G6: 0 | H6: 1 | I6: 0 | J6: 0 | K6: 1 | L6: 0 | M6: 0 | N6: 1 | O6: =+SUM(C6:N6) -> 3
B7: 4:00 pm – 5:45 pm | C7: 0 | D7: 1 | E7: 0 | F7: 0 | G7: 1 | H7: 0 | I7: 1 | J7: 0 | K7: 0 | L7: 0 | M7: 0 | N7: 0 | O7: =+SUM(C7:N7) -> 3
C8: =SUM(C4:C7) -> 1 | D8: =SUM(D4:D7) -> 1 | E8: =SUM(E4:E7) -> 1 | F8: =SUM(F4:F7) -> 1 | G8: =SUM(G4:G7) -> 1 | H8: =SUM(H4:H7) -> 1 | I8: =SUM(I4:I7) -> 1 | J8: =SUM(J4:J7) -> 1 | ... N8: =SUM(N4:N7) -> 1
C11: Tematicas de interes por horario | H11: Variable binarias
B12: Agroindustria | C12: =SUMPRODUCT(Hoja1!$C4:$N4,$C$4:$N$4) -> 1 | D12: =SUMPRODUCT(Hoja1!$C4:$N4,$C$5:$N$5) -> 2 | E12: =SUMPRODUCT(Hoja1!$C4:$N4,$C$6:$N$6) -> 1 | F12: =SUMPRODUCT(Hoja1!$C4:$N4,$C$7:$N$7) -> 2 | H12: 1 | I12: 1 | J12: 1 | K12: 1
B13: Transporte | C13: =SUMPRODUCT(Hoja1!$C5:$N5,$C$4:$N$4) -> 1 | D13: =SUMPRODUCT(Hoja1!$C5:$N5,$C$5:$N$5) -> 3 | E13: =SUMPRODUCT(Hoja1!$C5:$N5,$C$6:$N$6) -> 1 | F13: =SUMPRODUCT(Hoja1!$C5:$N5,$C$7:$N$7) -> 1 | H13: 1 | I13: 1 | J13: 1 | K13: 1
B14: Producción Textil | C14: =SUMPRODUCT(Hoja1!$C6:$N6,$C$4:$N$4) -> 1 | D14: =SUMPRODUCT(Hoja1!$C6:$N6,$C$5:$N$5) -> 2 | E14: =SUMPRODUCT(Hoja1!$C6:$N6,$C$6:$N$6) -> 1 | F14: =SUMPRODUCT(Hoja1!$C6:$N6,$C$7:$N$7) -> 1 | H14: 1 | I14: 1 | J14: 1 | K14: 1
B15: Energía | C15: =SUMPRODUCT(Hoja1!$C7:$N7,$C$4:$N$4) -> 1 | D15: =SUMPRODUCT(Hoja1!$C7:$N7,$C$5:$N$5) -> 1 | E15: =SUMPRODUCT(Hoja1!$C7:$N7,$C$6:$N$6) -> 0 | F15: =SUMPRODUCT(Hoja1!$C7:$N7,$C$7:$N$7) -> 1 | H15: 1 | I15: 1 | J15: 0 | K15: 1
B16: Manufactura | C16: =SUMPRODUCT(Hoja1!$C8:$N8,$C$4:$N$4) -> 1 | D16: =SUMPRODUCT(Hoja1!$C8:$N8,$C$5:$N$5) -> 1 | E16: =SUMPRODUCT(Hoja1!$C8:$N8,$C$6:$N$6) -> 1 | F16: =SUMPRODUCT(Hoja1!$C8:$N8,$C$7:$N$7) -> 1 | H16: 1 | I16: 1 | J16: 1 | K16: 1
B17: Industria Química | C17: =SUMPRODUCT(Hoja1!$C9:$N9,$C$4:$N$4) -> 1 | D17: =SUMPRODUCT(Hoja1!$C9:$N9,$C$5:$N$5) -> 0 | E17: =SUMPRODUCT(Hoja1!$C9:$N9,$C$6:$N$6) -> 1 | F17: =SUMPRODUCT(Hoja1!$C9:$N9,$C$7:$N$7) -> 1 | H17: 1 | I17: 0 | J17: 1 | K17: 1
B18: Minería | C18: =SUMPRODUCT(Hoja1!$C10:$N10,$C$4:$N$4) -> 2 | D18: =SUMPRODUCT(Hoja1!$C10:$N10,$C$5:$N$5) -> 1 | E18: =SUMPRODUCT(Hoja1!$C10:$N10,$C$6:$N$6) -> 1 | F18: =SUMPRODUCT(Hoja1!$C10:$N10,$C$7:$N$7) -> 1 | H18: 1 | I18: 1 | J18: 1 | K18: 1
B19: Recursos forestales | C19: =SUMPRODUCT(Hoja1!$C11:$N11,$C$4:$N$4) -> 1 | D19: =SUMPRODUCT(Hoja1!$C11:$N11,$C$5:$N$5) -> 0 | E19: =SUMPRODUCT(Hoja1!$C11:$N11,$C$6:$N$6) -> 0 | F19: =SUMPRODUCT(Hoja1!$C11:$N11,$C$7:$N$7) -> 1 | H19: 1 | I19: 0 | J19: 0 | K19: 1
B20: Turismo | C20: =SUMPRODUCT(Hoja1!$C12:$N12,$C$4:$N$4) -> 1 | D20: =SUMPRODUCT(Hoja1!$C12:$N12,$C$5:$N$5) -> 1 | E20: =SUMPRODUCT(Hoja1!$C12:$N12,$C$6:$N$6) -> 0 | F20: =SUMPRODUCT(Hoja1!$C12:$N12,$C$7:$N$7) -> 0 | H20: 1 | I20: 1 | J20: 0 | K20: 0
B21: Educación | C21: =SUMPRODUCT(Hoja1!$C13:$N13,$C$4:$N$4) -> 1 | D21: =SUMPRODUCT(Hoja1!$C13:$N13,$C$5:$N$5) -> 0 | E21: =SUMPRODUCT(Hoja1!$C13:$N13,$C$6:$N$6) -> 0 | F21: =SUMPRODUCT(Hoja1!$C13:$N13,$C$7:$N$7) -> 0 | H21: 1 | I21: 0 | J21: 0 | K21: 0
B22: Sector Financiero | C22: =SUMPRODUCT(Hoja1!$C14:$N14,$C$4:$N$4) -> 1 | D22: =SUMPRODUCT(Hoja1!$C14:$N14,$C$5:$N$5) -> 1 | E22: =SUMPRODUCT(Hoja1!$C14:$N14,$C$6:$N$6) -> 2 | F22: =SUMPRODUCT(Hoja1!$C14:$N14,$C$7:$N$7) -> 1 | H22: 1 | I22: 1 | J22: 1 | K22: 1
B23: Adm. Pública | C23: =SUMPRODUCT(Hoja1!$C15:$N15,$C$4:$N$4) -> 1 | D23: =SUMPRODUCT(Hoja1!$C15:$N15,$C$5:$N$5) -> 0 | E23: =SUMPRODUCT(Hoja1!$C15:$N15,$C$6:$N$6) -> 0 | F23: =SUMPRODUCT(Hoja1!$C15:$N15,$C$7:$N$7) -> 0 | H23: 1 | I23: 0 | J23: 0 | K23: 0
H24: =SUM(H12:K23) -> 36 | M24: =SUM(Hoja1!$C$4:$N$15)-H24 -> 7
H26: Mejora
H27: =+(Hoja1!AF32-Optimizacion!M24)/Hoja1!AF32 -> 0.61111111
